frame, time,Joint6: JointValue (degree),Joint6: JointVel (degree/s),Joint6: JointAccl (degree/s^2),Joint6: GenForce (N.m),Joint5: JointValue (degree),Joint5: JointVel (degree/s),Joint5: JointAccl (degree/s^2),Joint5: GenForce (N.m),Joint4: JointValue (degree),Joint4: JointVel (degree/s),Joint4: JointAccl (degree/s^2),Joint4: GenForce (N.m),Joint3: JointValue (degree),Joint3: JointVel (degree/s),Joint3: JointAccl (degree/s^2),Joint3: GenForce (N.m),Joint2: JointValue (degree),Joint2: JointVel (degree/s),Joint2: JointAccl (degree/s^2),Joint2: GenForce (N.m),Joint1: JointValue (degree),Joint1: JointVel (degree/s),Joint1: JointAccl (degree/s^2),Joint1: GenForce (N.m),
1,0,-1.5333973733722E-13,-5.3211752409001E-11,-2.63032565558566E-16,-1.0862244886344E-35,0.000215632563539575,0.0433123201182901,4.29578965906161,6.02391124024073E-05,-4.70916421599394E-06,-0.000882597144134384,-0.100146944501117,2.61717800978094E-20,0.0212469671836772,4.24915474823884,425.133263244575,0.00700725604057384,0.0214542976484227,4.29085924597476,429.257682648709,-0.00700659977262319,4.70916436930623E-06,0.000882597197325148,0.100146944501064,0.0063816833877915,
2,0.01,-1.22493475802363E-12,-7.92820180263779E-11,-1.35316426609927E-08,2.46980524687126E-14,0.000873500711597831,0.0888533510926566,4.40724460043759,0.00027103914619285,-1.52806636453798E-05,-0.00105475365414513,-0.0646150102364818,-1.44583663369516E-10,0.084956554691481,8.49544561671608,424.990088168873,0.03169816112625,0.0858000078087002,8.58171415527672,429.257512511222,-0.031703617309546,1.52806648685592E-05,0.00105475373295627,0.0646150237587786,0.028718626125391,
3,0.02,4.00529273805296E-12,1.78076364510116E-09,3.54769920676167E-08,6.09148072329394E-15,0.00200702786196061,0.13885244384502,4.74164173647288,0.000451743113377842,-2.10618486407337E-05,0.00019373838894513,0.0419688111128227,1.62088266879577E-10,0.191085793942228,12.7360026511632,424.560258602603,0.0528436399785237,0.193037044436335,12.8725547873291,429.25672178552,-0.0526238919337487,2.10618446225479E-05,-0.000193740171322099,-0.0419688466888946,0.0478632185579356,
4,0.03,5.89688107436133E-11,1.12925840137302E-08,4.27880610807908E-07,-4.82655316805331E-13,0.00367193310300972,0.195541348858649,5.29916474035998,0.000632467554758767,-4.30108289933122E-06,0.00357304209910383,0.219599069393796,1.24592169912985E-09,0.339562965923677,16.9679423113863,423.842750737069,0.0740096301437141,0.34316517074649,17.1633599915705,429.254469613366,-0.0732262575920828,4.30102392116679E-06,-0.00357305338519059,-0.219599497298554,0.0670086882479657,
5,0.04,2.94700097956697E-10,4.07020867477799E-08,1.67265171021252E-06,-2.80210853340673E-12,0.00594626042003264,0.261155234033833,6.08010757784407,0.000813203836163886,5.98521313553322E-05,0.00979335770798159,0.468273639829231,3.63292770791109E-09,0.530287432369519,21.1883609051397,422.835873380074,0.0952023981166998,0.536183859103707,21.4540917949515,429.249354067522,-0.0933836126686884,-5.98524257343992E-05,-0.00979339832822133,-0.468275310038131,0.0861581589648018,
6,0.05,1.01059282828147E-09,1.12086318573509E-07,4.57015249192764E-06,-1.0362235004559E-11,0.00893041707116869,0.337933485702822,7.08485638625997,0.000993926428888356,0.000203348437793894,0.0195651295650566,0.788004153308561,8.0325900380195E-09,0.763129402573873,25.3943282912787,421.537290449802,0.116426273358491,0.772092094759755,25.7446897789915,429.239411282097,-0.112966656480637,-0.000203349445895529,-0.0195652412191418,-0.78800870777035,0.105317588028614,
7,0.06,2.79385541140934E-09,2.61803887508687E-07,1.03050863401063E-05,-3.06987786645122E-11,0.0127472185914443,0.428120222217289,8.31386423098769,0.00117458807645135,0.000465242778210577,0.0335994197936174,1.17883058889641,1.53969921803877E-08,1.03792963897616,29.5828819402051,419.944052336255,0.1376831050638,1.05088812331777,30.0350654428988,429.222114233263,-0.131843284863422,-0.000465245560333124,-0.0335996799475303,-1.17884083056571,0.124496593713394,
8,0.07,6.69054961788744E-09,5.46438252271325E-07,2.05746911532944E-05,-7.90879531857324E-11,0.0175419372048871,0.533964451015771,9.76761886814721,0.00135511499696857,0.000891703286211963,0.0526084901549329,1.64084002365926,2.69835899615265E-08,1.35449910552173,33.7510214380876,418.052635997914,0.158971731177317,1.37256914176595,34.3250965492797,429.194371170711,-0.149878008954055,-0.0008917099337537,-0.0526090313905663,-1.64086039539005,0.143709279927374,
9,0.08,1.44455410999946E-08,1.0507375351705E-06,3.77610335521569E-05,-1.84511436553656E-10,0.0234823497433303,0.657719802008299,11.4466036841959,0.00153540213786123,0.00153602721154378,0.0773066337244545,2.17418954024415,4.4423472962717E-08,1.71261856365863,37.8957035193772,415.858993619477,0.180287463165356,1.73713093288965,38.6146214490197,429.152523703472,-0.166931403648562,-0.00153604152306272,-0.0773076700751061,-2.17422674171342,0.162975057316118,
10,0.09,2.88344935929683E-08,1.89821853816891E-06,6.51608578410882E-05,-3.99070455424608E-10,0.0307587805107651,0.801643772519496,13.3512520285026,0.00171530850490175,0.00245866658089296,0.108411298168661,2.77913330300446,6.97975985596655E-08,2.11203812166401,42.0138377097125,413.358609611735,0.201621590490057,2.14456744283707,42.9034333820593,429.092344549432,-0.182859593030805,-0.00245869504397565,-0.108413160308657,-2.77919707700948,0.182319459817093,
11,0.1,5.41188218700192E-08,3.26533802789049E-06,0.000107292645331295,-8.12291003047435E-10,0.0395841338989338,0.967996421953692,15.4818952045428,0.0018946525938767,0.0037272667204472,0.146644542795821,3.45605382995019,1.05724264198659E-07,2.5524767438003,46.1022826583898,410.546565686732,0.222960909231169,2.59487030158219,47.1912747510215,429.009034966614,-0.197513780996225,-0.0037273198988297,-0.14664772434244,-3.45615795402546,0.201774955554425,
12,0.11,9.66650974569322E-08,5.40046206703756E-06,0.000170308670350459,-1.57216378296904E-09,0.0501939109586842,1.15903845783382,17.8387044395399,0.00207320796036817,0.00541672119010158,0.192734872215905,4.20549751148998,1.55462025224015E-07,3.0336217265755,50.1578432361172,407.417613689972,0.244287279841819,3.08802828599987,51.4778313650365,428.897221896713,-0.210739836320045,-0.00541681564031547,-0.192740089867988,-4.20566103726441,0.221381750788118,
13,0.12,1.65784817868037E-07,8.64930866753883E-06,0.000262550238387345,-2.91522451166967E-09,0.0628462035683441,1.3770286589696,20.4216272114507,0.00225069897136319,0.00760924711217597,0.247419490472319,5.02821445890207,2.23033390914504E-07,3.55512815011976,54.1772684697554,403.966255816524,0.26557721959742,3.62402672524418,55.7627266516838,428.750954868136,-0.222377942505396,-0.00760940798397371,-0.247427761279524,-5.02846325049917,0.241188585408499,
14,0.13,2.74870009875513E-07,1.34891285282318E-05,0.00039529732048818,-5.20850504907337E-09,0.077821659321416,1.62422058627956,23.2303183762847,0.00242679679156407,0.0103944853229845,0.311447020999662,5.92520280679053,3.13375976611618E-07,4.11661831338401,58.1572503811298,400.186831779541,0.286801535883852,4.20284684810433,60.0455158357922,428.56370272748,-0.232262323875254,-0.0103947498341295,-0.311459760763433,-5.92557144149622,0.26125351817324,
15,0.14,4.42926447149444E-07,2.05746553562585E-05,0.000583779845164406,-9.00677617803771E-09,0.0954234097881343,1.90285853727383,26.2640666077449,0.00260111566741816,0.0138696302387584,0.385580739826843,6.89775764550918,4.32529401327303E-07,4.71768116251189,62.0944237917485,396.073612438184,0.307925007055808,4.82446507200493,64.3256800849658,428.328350295814,-0.240221060491805,-0.0138700522590235,-0.385599887520942,-6.89829175564916,0.281644699493109,
16,0.15,6.96641273935406E-07,3.07998379672447E-05,0.000848537398554346,-1.51291618591024E-08,0.115976954396217,2.21517270644261,29.5217167347688,0.00277320958297096,0.0181395948145878,0.470602372203205,7.94752482272379,5.87868159972452E-07,5.35787172232464,65.9853671493634,391.620899327685,0.328906118158225,5.48885223332358,68.6026206231982,428.037195079664,-0.24607600556115,-0.0181402508480405,-0.470630546420327,-7.94828397809956,0.302441129046841,
17,0.16,1.07316788195522E-06,4.5380602679145E-05,0.00121723748384157,-2.47599360272434E-08,0.139829991833224,2.56337352082599,33.0015886401313,0.00294256937372975,0.02331721649379,0.567316506407174,9.07655992897705,7.88393049675906E-07,6.03671054138632,69.8266044257345,386.823129467816,0.349696859323612,6.19597275872132,72.8756528158692,427.68194420701,-0.249642819952747,-0.0233182134152776,-0.567357201252442,-9.07762118537872,0.323733394797128,
18,0.17,1.62387077397391E-06,6.59654337205377E-05,0.00172709032726594,-3.95791211250516E-08,0.167352190604358,2.94964512788777,36.7013934639601,0.0031086203977524,0.0295235106043535,0.676555683042522,10.2873928713494,1.0450965907482E-06,6.75368316157357,73.6146081277049,381.674984758163,0.370242595112753,6.9457837772264,77.1440002318673,427.253711806149,-0.250731139273498,-0.029524995588872,-0.676613512682557,-10.2888551438798,0.345624389027024,
19,0.18,2.41935015474844E-06,9.47824551413195E-05,0.00242803108759497,-6.19293981264541E-08,0.198934890193569,3.37613802149282,40.6181479386138,0.00327072087717797,0.036887978269231,0.799186223786643,11.5830985430674,1.37142138705378E-06,7.50823962345657,77.3458034557534,376.171505200106,0.390482013432591,7.73823417288377,81.406788691615,426.743017100312,-0.249144889515101,-0.0368901514557577,-0.799267227119549,-11.5850880048289,0.368229995740372,
20,0.19,3.55616398150421E-06,0.000134834011179389,0.00338687891884099,-9.5026818308941E-08,0.234990724180666,3.84496080128648,44.74808776432,0.00342816103842524,0.0455489765701679,0.936114870486991,12.9673742161261,1.7838346733452E-06,8.29979401909648,81.016573635577,370.308205117324,0.41034716291941,8.57326357788832,85.6630403134686,426.139783553453,-0.2446827675628,-0.0455521071298095,-0.936226890239861,-12.9700509751276,0.391679742071341,
21,0.2,5.16578869864965E-06,0.000190152543129562,0.0046927274595606,-1.43223886822214E-07,0.275953156671,4.35817107106921,49.086581016306,0.00358016319528387,0.0556541594540133,1.08829631387155,14.4446244194699,2.30254759841E-06,9.12772410407447,84.6232664389914,364.081191479956,0.429763587793159,9.45080130626626,89.9116675753958,425.433339472506,-0.237138902737641,-0.0556586058924965,-1.08844946799964,-14.4481907917081,0.416117404100889,
22,0.21,7.42651414197264E-06,0.000266134929897429,0.00646387393400844,-2.12334779882055E-07,0.322275923504781,4.91776549279644,53.6280426515319,0.00372588293621914,0.0673609987112781,1.25674170111699,16.0200542175974,2.95241432628612E-06,9.99137098068106,88.162201900537,357.487283373364,0.44865056914551,10.370765228363,94.1514674140568,424.612420548027,-0.226303714946056,-0.0673672344359778,-1.25694896884521,-16.0247649949797,0.441701554522566,
23,0.22,1.05791592579029E-05,0.000369976489650414,0.00885665529885417,-3.1003377741153E-07,0.374432369937267,5.52566902452819,58.3658512537175,0.00386441159547124,0.080837395306006,1.4425282232728,17.6997719738315,3.76405408972193E-06,10.8900388642069,91.6296812257109,350.524131591867,0.466921481396848,11.3330605866476,98.3811153894919,423.665174897638,-0.211964983847835,-0.080846040737885,-1.44280617369712,-17.7059471854053,0.468606035735884,
24,0.23,1.49477304796868E-05,0.000511230639683895,0.0120766311427933,-4.46339462323131E-07,0.432914676825026,6.18372338288563,63.2922692158116,0.00399478020713377,0.0962623924123877,1.64680989723237,19.4909028685331,4.77524923973267E-06,11.8229949441798,95.0219968757288,343.190337281868,0.484484272224978,12.3375787536582,102.599159950574,422.57917126368,-0.19390914163283,-0.0962742552357492,-1.64717959534478,-19.4989436566338,0.497020336918191,
25,0.24,2.0966432144423E-05,0.000702525907893282,0.0163926360354155,-6.34198883499279E-07,0.498232967821629,6.89367478318155,68.3983676055806,0.00411596516261179,0.113827002737068,1.87082967271216,21.4017146438688,6.03268450419078E-06,12.7894693521864,98.3354438022446,335.485568508413,0.501242073610756,13.3841959333048,106.804016844241,421.341411106093,-0.171922799439116,-0.113843128270128,-1.87131780634553,-21.4121230285587,0.527149847113498,
26,0.25,2.92147879137198E-05,0.000960478732052428,0.022154320792033,-8.9018773585452E-07,0.570914290681511,7.65716102317145,73.6739569881613,0.00422689581507626,0.133735164098086,2.11593301264945,23.4417572605132,7.59410756954016E-06,13.7886552475906,101.566331793568,327.410673575242,0.517093950749425,14.4727718072176,110.993963720273,419.938345421292,-0.145794514071234,-0.133756898253785,-2.11657329454629,-23.4551607525155,0.559215947969407,
27,0.26,4.04630551014295E-05,0.00130684845038994,0.0298139152001869,-1.23534471977282E-06,0.651501466493535,8.47569798906006,79.1075254842952,0.00432646430040915,0.156204838813885,2.38358311559084,25.6220183727377,9.53100928059396E-06,14.8197090320155,104.710998881699,318.967789891148,0.531935794432472,15.6031481283933,115.167134992943,418.355897204674,-0.115316797445402,-0.156233906726122,-2.38441802806056,-25.6392006249236,0.593455898929538,
28,0.27,5.57306233833139E-05,0.0017699902907637,0.0399530772275232,-1.69616065411854E-06,0.74055180151374,9.35066567467815,84.686185318989,0.00441353787351156,0.18146927425063,2.67537797094142,27.9550967481244,1.19319438517079E-05,15.8817507028893,107.765825746989,310.160447145152,0.54566136110971,16.7751472650571,119.321517031226,416.579490554606,-0.0802883660621418,-0.181507878394591,-2.67646093696844,-27.9770357182367,0.630122453781239,
29,0.28,7.63607011539049E-05,0.00238667325938085,0.0533158493526094,-2.30574569083102E-06,0.838635657233814,10.2832938162324,90.3956290564086,0.00448697409306197,0.209778443903567,2.99306946213101,30.4553959629909,1.49066362173311E-05,16.9738643556569,110.727251044552,300.993663528809,0.558163463204387,17.9885706984287,123.454943760173,414.594087484771,-0.0405166218109727,-0.209829386474796,-2.9944675470481,-30.4833114075699,0.669483129614216,
30,0.29,0.000104115325165903,0.00320434291628136,0.0708489259534232,-3.10520118008783E-06,0.946334875397924,11.2746472552768,96.2200966162717,0.00454563922864932,0.241400690664804,3.33858475831792,33.1393408733132,1.85910558346044E-05,18.0950988434386,113.59178756363,291.474033724419,0.569335310394422,19.2431974789614,127.565092767422,412.384233564397,0.00417965138557719,-0.241467526142946,-3.34038203114081,-33.1747534192283,0.711819026372066,
31,0.3,0.000141295603708783,0.00428392446486174,0.0937506520394386,-4.14522643094658E-06,1.06424105585067,12.3256111510335,102.142354017765,0.00458843031408873,0.276624596465457,3.71405026128434,36.0256194613516,2.31536747664446E-05,19.2444686019636,116.356039118017,281.609807359791,0.579072000520561,20.5387826466234,131.64948202036,409.934113535859,0.0539673980404345,-0.276711821727617,-3.7163519755834,-36.0704240244243,0.757423065876765,
32,0.31,0.00019089314606714,0.00570327980506313,0.123530429316811,-5.48799486521841E-06,1.19295368634256,13.436876169306,108.143684591642,0.00461430133305231,0.315761105272285,4.12181839918533,39.1354526421992,2.88031736487356E-05,20.4209546465209,119.016718052334,271.41095660846,0.587272156590075,21.8750556218984,135.705467310751,407.227618059271,0.108996239504414,-0.315874396401902,-4.12475619124536,-39.1920096031438,0.806597481688763,
33,0.32,0.000256779871610211,0.00756145370807438,0.162080507792022,-7.20933891326623E-06,1.33307812470953,14.6089237783046,114.203893132154,0.00462229410214512,0.359145929446627,4.56449758043189,42.4928944109591,3.57979130869437E-05,21.6235057464511,121.570663235076,260.889231580438,0.59383970407327,23.2517185754075,139.730240554387,404.248422695398,0.169395299045512,-0.359292436585212,-4.56823592898893,-42.5641427422078,0.859650343155749,
34,0.33,0.000343944866296069,0.00998386964743536,0.21176249765584,-9.40128844553789E-06,1.48522343514564,15.8420117810022,120.301323120612,0.00461157451790915,0.407142272685777,5.04498563558878,46.1251642159445,4.44575509035816E-05,22.8510397813375,124.014858394801,250.058202090248,0.598685780425321,24.6684447853778,143.720829082882,400.980080151477,0.235269949778889,-0.407330986992532,-5.04972988451587,-46.2147617080587,0.916890835616774,
35,0.34,0.000458788704535943,0.0131286657263266,0.27551135499199,-1.21750134831476E-05,1.65000008156164,17.1361602083592,126.412886735179,0.00458147496481192,0.460143906068388,5.56650707728656,50.0630125044501,5.51772578893904E-05,24.1024452815445,126.346450639887,238.933284286949,0.601730766602976,26.1248769935925,147.674096072427,397.406126666826,0.306698537802049,-0.460386116202841,-5.57251339246362,-50.1755094012789,0.978622940340359,
36,0.35,0.000609487729070395,0.0171943962915938,0.356960082984063,-1.5664228144334E-05,1.8280174822162,18.4911376870695,132.514106862323,0.00453154384944567,0.518578636953257,6.13265448967413,54.3411187858551,6.84450660449127E-05,25.3765831540652,128.562768984087,227.531750457563,0.602906428389277,27.6206257719355,151.586742259365,393.510203191249,0.383729136771869,-0.518888496619224,-6.14024220654479,-54.48217254071,1.0451370578776,
37,0.36,0.000806443236885661,0.022429365956794,0.460588952082923,-2.00291187711295E-05,2.01988143086376,19.9064483785585,138.579169742511,0.00446160344145029,0.582912213373399,6.74743430796689,58.9985189764719,8.48629722085495E-05,26.6722885927574,130.661342678271,215.872720030328,0.602158153690026,29.1552679131489,155.455309093648,389.276191689106,0.466376390293288,-0.583307446527507,-6.75700122997739,-59.175159527116,1.11669899159349,
38,0.37,0.00106283341848149,0.0291429105380414,0.591903676461815,-2.54608640462026E-05,2.2261913905165,21.3813195620634,144.58098621978,0.00437181747399152,0.653652708718516,7.41531714785655,64.0790547801552,0.000105172512785319,27.9883731699233,132.639919121237,203.977129350129,0.599447270689969,30.7283448609189,159.276183477312,384.688366459439,0.554618492900914,-0.654155485254074,-7.42735848147416,-64.3000117473922,1.19353554761312,
39,0.38,0.00139528930998639,0.0377189942882178,0.757647677226012,-3.21868171192931E-05,2.44753766649488,22.9146899031806,150.491258834004,0.00426277029482192,0.731355432293446,8.14129266893897,69.6318317756952,0.000130285614731462,29.3236271037407,134.496481086153,191.867677094063,0.594753430853667,32.3393611958259,163.045604224157,379.731559762052,0.648394346418812,-0.731993454596647,-8.15642443189541,-69.9079373513269,1.27581580569046,
40,0.39,0.00182472001408048,0.0486325547675715,0.966054282607176,-4.04764167904812E-05,2.6844984656657,24.5051984100774,156.280551222033,0.00413555976742159,0.8166284098614,8.93092867005556,75.7116638175426,0.000161321600887445,30.6768216931904,136.229262949792,179.568741126782,0.588077040075388,33.9877831949673,166.759670356502,374.391340231875,0.747600902454423,-0.81743625987444,-8.94991658949425,-76.0563478380275,1.36362686430327,
41,0.4,0.00237731709339018,0.0624690947660109,1.22714539550212,-5.0647882607201E-05,2.93763684856158,26.151174033085,161.918355527909,0.00399190659483253,0.910138473182815,9.7904336665576,82.379468033599,0.000199651261713937,32.0467119086711,137.836765542946,167.106261006263,0.579441720421645,35.6730374840626,170.414351321971,368.654201481106,0.852090658836495,-0.911159280804692,-9.81422879604198,-82.8093648169601,1.4569425544933,
42,0.41,0.00308577338909217,0.0799480923256887,1.55308367774118,-6.30757210165919E-05,3.20749758037573,27.8506258111533,167.373152846724,0.00383428325047715,1.01261798688835,10.7267215180432,89.7025553444394,0.000246948863392152,33.4320391222213,139.317769143571,154.50757802712,0.568896783024749,37.3945098014514,174.005499163463,362.507756835257,0.961669211480157,-1.01390549403197,-10.7565040487395,-90.2382452172173,1.5555832444114,
43,0.42,0.00399075757979454,0.101950869788574,1.95858544836829,-7.81990168090733E-05,3.49460388558778,29.6012334140102,172.612461280911,0.00366606618674681,1.12487222196778,11.7474756594681,97.7547335833657,0.00030525278441931,34.8315339558424,140.67134399733,141.801221343644,0.556519688212563,39.1515438933814,177.528862602826,355.940934192875,1.07609266502237,-1.12649333271064,-11.7847086803013,-98.4216454485141,1.65916441921289,
44,0.43,0.00514269250947279,0.129553621110169,2.46140092072079,-9.65303914510497E-05,3.79945410920456,31.4003378780311,177.602866198052,0.00349171532297063,1.24778735371633,12.8612089995897,106.616100643698,0.000377035065233769,36.2439192193536,141.896857556917,129.01662397163,0.542418459179821,40.9434405591038,180.980102895298,348.944162357149,1.19506456501482,-1.24982528003761,-12.9077042676781,-107.445605061271,1.76703122903971,
45,0.44,0.00660389248540758,0.164066326483079,3.08286654622057,-0.000118665356063401,4.12251828538062,33.2449322975792,182.310028105745,0.00331698474574948,1.38233901252439,14.0773133989852,116.372349204768,0.000465279372665112,37.6679128998467,142.993977360323,116.183745846036,0.526733995907795,42.7694568621781,184.354811166661,341.509536614579,1.31823181885689,-1.38489714731826,-14.1353115001056,-117.403073597141,1.8781756828304,
46,0.45,0.00845112196366538,0.207078256521602,3.84853020300279,-0.000145291540743968,4.46423461174603,35.1316522297431,186.698665765654,0.0031491676555203,1.52960124059563,15.4060895724422,127.113326803391,0.000573565502394708,39.1022311522287,143.962668091003,103.33257202419,0.509642199376028,44.6288055205574,187.648526743685,333.630946507579,1.44517880847451,-1.53280791497362,-15.4783571516403,-128.392724402732,1.99113269749418,
47,0.46,0.0107786445271412,0.260510639885199,4.78884239729092,-0.000177196900042389,4.8250058255679,37.0567656275664,190.732516623491,0.0029973761327341,1.69075559580215,16.8587439492118,138.930488330376,0.000706156239893684,40.5455912233249,144.803180845216,90.4924419069232,0.491355751122501,46.5206544818199,190.85675571193,325.30414225639,1.57541855375289,-1.69476990572087,-16.9486909198884,-140.516688470472,2.10385092633298,
48,0.47,0.013701835479145,0.326676768271586,5.93989348131508,-0.000215275417555967,5.20519547672519,39.016162279641,194.374284644313,0.00287285107976101,1.86709998102723,18.4473330616732,151.91273450197,0.000868078696776489,41.9967142189457,145.516031933288,77.6911493503403,0.472125282988301,48.444126680476,193.974988559381,316.526707652601,1.70837936003472,-1.87211889786005,-18.5591527658809,-153.876690822646,2.21353443220796,
49,0.48,0.0173614315150701,0.408349235404698,7.34415513827617,-0.0002605279848642,5.6051240937553,41.0053430701591,197.585599142486,0.00278928783454776,2.06005654467134,20.1846279459603,166.139941797348,0.00106518646449386,43.4543275922003,146.101967620531,64.9537333328762,0.452239492084062,50.3982999604689,196.9987152614,307.297895980601,1.84338489745216,-2.06632355316076,-20.3234629905263,-168.567872255037,2.31645225809914,
50,0.49,0.0219284832962822,0.508832997218365,9.05114983434636,-0.000314054922004049,6.02506524513786,43.0194099832317,200.327029929145,0.00276314559576156,2.2711776718391,22.0838603473807,181.673252193738,0.00130418017757147,44.9171671897487,146.561910037358,52.300854666098,0.432023473621137,52.3822071263929,199.923435502246,297.618271270877,1.97962518669395,-2.27899320271709,-22.2559960472637,-184.669323538961,2.40771546398124,
51,0.5,0.0276100559847967,0.632041281503563,11.1179189859391,-0.000377034950121401,6.46524151192298,45.05305880061,202.55823778783,0.00281387986029968,2.50214863811996,24.1582988826428,198.540909228271,0.00159255121774397,46.38397863803,146.896878054654,39.7466278330014,0.411834118601271,54.3948360598635,202.744660886734,287.489080055579,2.11611567385268,-2.51188257447811,-24.3713845539002,-202.230048833863,2.48102631237958,
52,0.51,0.0346556810284437,0.782568778218144,13.6090823839185,-0.000450683271356222,6.92582041485548,47.1005780741055,204.238389584768,0.00296399116318016,2.75478489918852,26.4205867980981,216.718125127071,0.00193839505049203,47.8535177814814,147.107875299365,27.2957531149288,0.39205081321959,56.4351298010344,205.457904970121,276.911259971959,2.25164180554453,-2.76689142407148,-26.6838820499258,-221.248730979862,2.52841357900002,
53,0.52,0.0433644886208817,0.965752655516641,16.5961708277047,-0.000536178821260036,7.40691038651183,49.1558604292874,205.327039227252,0.00323871438842758,3.03102121507581,28.881754624763,236.099206374693,0.00235001599802029,49.3245497983886,147.195735888824,14.9397828397538,0.373058860706228,58.5019864478271,208.058655774897,265.883974437036,2.38468787975895,-3.04605621539785,-29.2063926038531,-241.645354015297,2.53998362650062,
54,0.53,0.0540928295714775,1.18770640925552,20.1557662832953,-0.000634548059506403,7.90855695634042,51.2124358242474,205.785772765025,0.00366507594910134,3.33288885226723,31.5498038115482,256.460087876271,0.00283521403118391,50.7958465196129,147.160917360692,2.65237605068656,0.355222068536898,60.5942586663265,210.542324325568,254.402554647126,2.51335246173834,-3.35152997565898,-31.9490551567871,-263.222580907645,2.50374161033309,
55,0.54,0.0672620099212299,1.45530412874198,24.3658030094976,-0.000746490678491796,8.43073943576874,53.2635412147943,205.581036156229,0.00426992276112778,3.66247600885008,34.4277476058608,277.409781610608,0.00340010889202855,52.2661813699926,147.003230562261,-9.61651862789461,0.338840004525256,62.7107525367643,212.904161963874,242.455745612634,2.63525980648026,-3.68554525039302,-34.9172566582282,-285.615042233996,2.4055736535159,
56,0.55,0.0833654930257505,1.77608362597044,29.2991927866605,-0.000872133000140501,8.97336856409804,55.3022470495691,204.688691728477,0.00507639547909644,4.02186549443397,37.5110046380814,298.330459652558,0.00404732545724679,53.7343212626077,146.721499460786,-21.9474093426881,0.324085032221487,64.850225387208,215.139139465598,230.022216432953,2.74748934349623,-4.05035382448566,-38.108952315772,-308.225803407228,2.22953015137154,
57,0.56,0.102974559370459,2.15802713822602,35.0138004672157,-0.00101070047647244,9.53628581206381,57.3216673553333,203.100940207722,0.00609823197778471,4.41304284542766,40.7840878197845,318.30860297933,0.00477335460637393,55.1990147423348,146.31315226812,-34.4584007667846,0.310915416776231,67.0113822068871,217.241783370769,217.066444553097,2.84656480026702,-4.44813582654245,-41.5112132604027,-330.151919525915,1.95860887329941,
58,0.57,0.126740960393066,2.60917080495179,41.5378408535128,-0.00116011584795515,10.1192653334796,59.31528482861,200.836206593256,0.00733135828676079,4.83776797649648,44.2166434493037,336.064674664762,0.00556494974292588,56.6589757643993,145.7737620072,-47.3115242016328,0.298965286980943,69.1928702120299,219.205971089069,203.534369801561,2.92857017162124,-4.88087051012797,-45.0960304350416,-350.106050162385,1.57628997220515,
59,0.58,0.155394606228196,3.13699433170647,48.8502136687097,-0.00131655906284007,10.7220198711684,61.2774212618647,197.952256693948,0.00874264699702996,5.2974049708383,47.7591047291093,349.89687356093,0.00639457515263156,58.1128628051942,145.096582833395,-60.7160577625453,0.287422419066526,71.3932712065924,221.024698244461,189.349687048916,2.98948482939048,-5.35016224480653,-48.8156136338301,-366.349472982244,1.06909029971348,
60,0.59,0.189733906729607,3.74755890745213,56.8564484564749,-0.00147407208831266,11.3442121731127,63.2038702028326,194.561949480159,0.010256758155975,5.79270879975719,51.3385539143355,357.665729111402,0.00721526109487394,59.5592536604449,144.272169411095,-74.9253693177754,0.274922773909332,73.6110916049156,222.689851031659,174.412320107839,3.02583696830048,-5.85701922678221,-52.5977650986219,-376.663720856753,0.430321808625475,
61,0.6,0.230606258710277,4.44440544982965,65.3631078946512,-0.00162435204462003,11.9854734934298,65.0926745309385,190.849387520451,0.0117438372080584,6.32357582496506,54.8558250560522,356.85866390257,0.00795580730299918,60.9966174039352,143.288216339975,-90.2226081732333,0.259515793652691,75.8447504382054,224.192042746635,158.601396606029,3.03573107588404,-6.40159045020688,-56.3423712817795,-378.401708166514,-0.335025987466407,
62,0.61,0.278876661456284,5.22730515038546,74.0567637550739,-0.00175693026304624,12.6454302948035,66.9449698769919,187.081732403468,0.0130133989214579,6.88877756909316,58.1853304721228,344.781491424351,0.00851810240813072,62.4232865831392,142.129798365177,-106.890212951032,0.238778728373272,78.0925664027139,225.520602109105,141.785605898416,3.02017079102065,-6.9828794474382,-59.920554908414,-368.668959329196,-1.20488474024551,
63,0.62,0.335383903710055,6.09106654301246,82.4973806703576,-0.0018599425542695,13.3237390606161,68.7657283222363,183.609089033513,0.0138220388052647,7.48571359260712,61.1793394793435,318.91650770922,0.00877918849324425,63.8374346232941,140.780200772241,-125.160005389791,0.210162051944511,80.3527459894298,226.663818937474,123.843543254204,2.98435435479278,-7.59847056777324,-63.1783408055628,-344.680402432041,-2.13556929325833,
64,0.63,0.400886404627862,7.02471932779702,90.1382700913194,-0.00192160341646517,14.0201270147099,70.5641490260665,180.84312592104,0.0139026064447622,8.11023571358889,63.6781408265451,277.450807480555,0.00860107007492339,65.2370650524481,139.222463154346,-145.146060135592,0.171601864204196,82.6233757611479,227.609539870286,104.694678047636,2.93832607000875,-8.24432155870966,-65.9464590167321,-304.303466290102,-3.06029025954551,
65,0.64,0.476003367851682,8.0114543596465,96.3826306914516,-0.00193227054118123,14.7344337531208,72.3534038902195,179.207059485652,0.0130174710187037,8.75660510440974,65.526358711863,219.905897066787,0.00785030657023512,66.620019622986,137.441587762046,-166.771985796734,0.122318057805094,84.9024224955291,228.346142334938,84.337357841904,2.89621643102593,-8.91468763885786,-68.0567788295806,-246.724255112124,-3.8932067465118,
66,0.65,0.561160467478098,9.02962484091109,100.677136574953,-0.00188666785189182,15.4666461330637,74.1495217521078,179.057814302328,0.0110274085648991,9.41763685955081,66.5936466560104,147.70422573682,0.00642639344840636,67.9840106494664,135.427100043632,-189.715217504163,0.0635526200002253,87.1877446319394,228.863794563119,62.8844243894781,2.87357740239014,-9.60223738185304,-69.3637714121402,-173.072229895651,-4.54059807394626,
67,0.66,0.656551219815475,10.054862387491,102.626393367407,-0.00178557682854007,16.216917606143,75.969419618283,180.595331185118,0.00795407601070647,10.0850569909446,66.795644675034,64.4375284355823,0.00429308149925981,69.3266783794994,133.175384672403,-213.396929354141,-0.00111369293414121,89.4771168113891,229.155765170943,40.5823016306137,2.88315965415256,-10.2983921208203,-69.7669014355386,-86.7579061551638,-4.91823763860867,
68,0.67,0.762123899036372,11.0629854375963,102.094982775364,-0.0016363111465972,16.9855648614179,77.8284146395764,183.788285684999,0.00400714342542689,10.7500471642837,66.109644724339,-24.3749272485014,0.00150221242881558,70.6456676963781,130.691108140106,-237.039137910465,-0.0661643808694715,91.7682663736063,229.219448235468,17.8000650093451,2.93057349780441,-10.9938699482146,-69.228173710675,6.70914381084034,-4.97066118995812,
69,0.68,0.877598824798137,12.0330400001153,99.2579796827421,-0.00145165769226737,17.7730394789246,79.737826456089,188.349392382177,-0.000443923253137691,11.4038981400884,64.5800487499686,-112.09298241479,-0.00180111900807962,71.9387121464876,127.987205595648,-259.787544795148,-0.125275449479047,94.0589173343958,229.056793715263,-5.01618338681253,3.01184101435813,-11.6793577357339,-67.7794931335268,100.500972958907,-4.68566737348351,
70,0.69,1.00251347434726,12.9497077623118,94.5750339910392,-0.0012475555580302,18.5798788889231,81.7033322021106,193.77917130046,-0.00494929223357635,12.0386567989152,62.311630220771,-192.14003770123,-0.00539782002820437,73.2037100539663,125.08333984015,-280.868421913535,-0.172792279159085,96.3468349918707,228.673998503939,-27.4137752860852,3.11420824976295,-12.3461938011453,-65.5173640451217,187.678591060673,-4.09813584325329,
71,0.7,1.13628603248188,13.8045271030381,88.69344702168,-0.00104026635308678,19.4066465870406,83.7244998017656,199.468597005595,-0.00907993439214039,12.6476515912481,59.4525911850848,-259.188747326696,-0.00903423188054362,74.4387791304601,122.003243774042,-299.728550459737,-0.204972155616588,98.6298640460839,228.080552594381,-49.0067320317798,3.219952010378,-12.9869395182684,-62.5865782259303,262.445119307513,-3.28139297468938,
72,0.71,1.27828446781598,14.5957938810672,82.3150371417319,-0.000843895586310211,20.2538738035321,85.7955118229428,204.824887634432,-0.0125119667784654,13.2258179277609,56.1724538735413,-309.96382413899,-0.0124686885416322,75.6422819506005,118.771680990334,-316.113050089649,-0.220541248709393,100.905955113472,227.287928359704,-69.5281536621381,3.31140131403627,-13.5957527368921,-59.1578633481687,321.037704728173,-2.32963918720826,
73,0.72,1.42788904820374,15.3274199188324,76.072301296185,-0.000668847926777772,21.1220129633397,87.9067194643722,209.377405803226,-0.0150680786294176,13.769801207164,52.6405690912503,-343.460823394858,-0.0155100254869422,76.8128222956633,115.411762914799,-330.064031968141,-0.220483174502765,103.173177819362,226.308260454448,-88.8482581856272,3.37504789937803,-14.1685327904132,-55.4054738892335,362.027418579502,-1.33816009206813,
74,0.73,1.584540285434,16.0072476072394,70.447422356645,-0.000521357776051583,22.0114086392198,90.046500373208,212.835077169994,-0.0167131271195372,14.2778670513377,49.0095507820723,-360.631018044426,-0.0180381628157389,77.9492185981801,111.943099967965,-341.855320549116,-0.207315601491661,105.429721833122,225.153287131104,-106.959643208527,3.40349177882502,-14.7028615735676,-51.4893747751647,386.055556604088,-0.387598997147936,
75,0.74,1.74776940614825,16.6453103082144,65.7441106920743,-0.000403877752775063,22.9222865846479,92.2029547548967,215.090985667688,-0.0175191084059937,14.7496791780014,45.4054517850826,-363.754995255615,-0.020005430697549,79.0504637457389,108.380915845714,-351.896979329881,-0.184233146104399,107.673889213407,223.833678653068,-123.942293712185,3.3952294352292,-15.1977995003668,-47.5441633274342,395.222818900296,0.464501148277035,
76,0.75,1.91721263299196,17.2523719287353,62.1020846577337,-0.000315950492537836,23.8547576774791,94.3651647971234,216.18883692509,-0.0176199614688068,15.1860117776102,41.9242794817083,-355.75842600037,-0.0214239544188909,80.1156803229443,104.735981375851,-360.64274325133,-0.154406701578601,109.90408197978,222.358743646714,-139.923450415545,3.35311234210091,-15.6536044013207,-43.6745506591761,392.392028007426,1.18507569191232,
77,0.76,2.09261293134819,17.8388892222244,59.5351406547713,-0.00025521190942264,24.8088318919853,96.523943377289,216.27260661416,-0.0171716358501136,15.5884520981124,38.6331956191676,-339.648590918748,-0.022346745988436,81.144078172242,101.01509597876,-368.52069284065,-0.120558973905669,112.11878828211,220.736423845656,-155.04346129107,3.2824361763212,-16.071431821038,-39.955839254448,380.596040685884,1.76208145890942,
78,0.77,2.27381352817326,18.4143942234772,57.9751902484547,-0.000218289141109516,25.784437434058,98.6721364019615,215.537034178716,-0.0163244403746151,15.9591302529465,35.5744522098872,-318.144755747576,-0.0228488961952448,82.1349183364221,97.221841335719,-375.892955069577,-0.0847981873888242,114.316569488194,218.973464760934,-169.432567600303,3.18931434163917,-16.4530568770875,-36.4374411454965,362.636002716099,2.19886577255487,
79,0.78,2.4607470353762,18.9872155027447,57.310999801789,-0.000201482763674688,26.7814411814484,100.804604109824,214.188792056922,-0.0152080170133299,16.3004950223704,32.7704271535616,-293.494404264367,-0.0230125193846671,83.0874849843299,93.3573967490205,-383.040356519349,-0.0486280917306471,116.496049438208,217.075664544859,-183.198627688163,3.0795946141174,-16.800639215411,-33.1477392638598,340.869648257806,2.50839994706062,
80,0.79,2.65342304587546,19.5644340781373,57.4169077073975,-0.000201216689256826,27.7996678772803,102.918010207511,212.421085845176,-0.0139259491133753,16.6151406635952,30.2286550633005,-267.42762641685,-0.0229165816688146,84.0010652267485,89.4212872977185,-390.164009705995,-0.0130478214458069,118.655906281378,215.048133020277,-196.423223335897,2.95829994938673,-17.1165381317366,-30.0991113848177,317.145129763802,2.7084983692316,
81,0.8,2.85191606115482,20.1519798276332,58.1712629583743,-0.000214290687276825,28.8389166985128,105.010521958483,210.400133786868,-0.0125563243401225,16.9056813000911,27.9462507556791,-241.195122571079,-0.0226311636380436,84.8749358017472,85.4120046503787,-397.396008345388,0.0213215370824448,120.794866781065,212.895522169706,-209.163017643197,2.82945167339156,-17.4031757494711,-27.2924458744142,292.825931992694,2.81838945895134,
82,0.81,3.05635477823898,20.7547972411367,59.4665044705221,-0.000237988433987973,29.8989746849052,107.081490919056,208.260290644848,-0.011155234208153,17.1746654021375,25.9134908459336,-215.645559144637,-0.0222150486128517,85.7083552578454,81.3274866298826,-404.813443159725,0.0541193041525314,122.911702705246,210.622211524849,-221.453736082093,2.6961185624214,-17.6629414850001,-24.7208632703102,268.861184838923,2.85655337351045,
83,0.82,3.26691317440251,21.3770332398284,61.2133641237053,-0.000270092026682666,30.9796270577446,109.131154591993,206.104552858266,-0.00976121719875385,17.4245217574621,24.1165433109122,-191.312973860135,-0.0217154666658287,86.5005602669607,77.165467151334,-412.452232223653,0.0851512053468448,125.005228829887,208.232445830033,-233.314979483753,2.56057000130955,-17.8981294927815,-22.3725995306697,245.870264313808,2.83955019182783,
84,0.83,3.48380345705183,22.0222191915569,63.3414052311794,-0.000308843317472227,32.0806647462044,111.160377881171,204.007881727716,-0.00839954517004472,17.657528868801,22.5394474515772,-168.498040090398,-0.0211690431148201,87.2507648787706,72.9237189201276,-420.319057929991,0.114321317765194,127.074302097672,205.730429677467,-244.754841979551,2.42445602025362,-18.1109010544228,-20.2331334716241,224.223882443897,2.78153302396671,
85,0.84,3.70727074070039,22.6934329435669,65.7975502480285,-0.000352880235050184,33.201889554417,113.17043970107,202.021621002446,-0.00708586680280678,17.8758009851236,21.1654867787097,-147.336174569271,-0.0206032874358607,87.9581617669373,68.6002132348924,-428.400862393891,0.141586471604253,129.11782153889,203.120386735752,-255.773856907104,2.28897356626184,-18.3032650000292,-18.2866909784714,204.113446347382,2.69418718979616,
86,0.85,3.93758921836016,23.3934353912466,68.543697869146,-0.000401165801251303,34.3431174142889,115.162862616095,200.177992710182,-0.00582908071576144,18.0812854203573,19.9780972255291,-127.850938007278,-0.0200382117535857,88.6219247511471,64.1932188111628,-436.671983749251,0.166927830102431,131.134728641014,200.406591593263,-266.368130940848,2.15500256238765,-18.4770706321914,-16.5172647906162,185.606334493413,2.58690514126976,
87,0.86,4.17505956742072,24.1247811023678,71.5540923752453,-0.000452919819059201,35.5041801280458,117.139279948953,198.494156450659,-0.00463348955746824,18.2757671529774,18.9614344980882,-109.993942765168,-0.0194878546145557,89.2412120782954,59.7013574858032,-445.099291459814,0.190334580234688,133.124007930134,197.593381412945,-276.531704550408,2.0232089455116,-18.6340089465061,-14.9092736994546,168.687821901904,2.46707045155102,
88,0.87,4.42000733960102,24.8899050581822,74.8128039944664,-0.000507558057805138,36.6849259423199,119.101333773899,196.97563203854,-0.00350035621875951,18.4608778171514,18.1007000384226,-93.6735657572417,-0.0189616079127229,89.8151701034491,55.1236304652887,-453.64575000118,0.211795630130307,135.084687593212,194.685153325164,-286.258252999827,1.89411831755733,-18.7756190704503,-13.4479624907507,153.291692829172,2.3403735459104,
89,0.88,4.67278211129996,25.6911886117322,78.3114860996833,-0.000564640618711741,37.8852192303364,121.050597466108,195.619062024943,-0.00242899558138534,18.638107070404,17.3823014893697,-78.7749334261235,-0.018465317289693,90.3429371288701,50.4594251111804,-462.272810750664,0.231296291268208,137.015840022727,191.686352183806,-295.542261088257,1.7681660693702,-18.9032977395759,-12.1196211005612,139.321889894244,2.21111622620394,
90,0.89,4.93375720313361,26.5310079574537,82.0474621945219,-0.000623829418238546,39.104939499349,122.988517304781,194.414377054299,-0.00141752149902424,18.8088149773885,16.7939034318257,-65.1733887459033,-0.0180021649289825,90.823647243981,45.7085093216258,-470.941963440964,0.24881785891487,138.916582205669,188.601452162712,-304.379795930094,1.64572990601805,-19.0183103112839,-10.911681438361,126.667374693251,2.08248416319189,
91,0.9,5.20332980943737,27.4117681717887,86.0221353460235,-0.000684853875442569,40.3439798904168,124.916368622555,193.346459908382,-0.000463346288351395,18.9742445235668,16.3244081966292,-52.743246111236,-0.0175733612104732,91.256434068067,40.8710183501598,-479.61570351469,0.264338721029732,140.786075908678,185.434934733971,-312.768982307652,1.52714985890869,-19.1218023165898,-9.81273415274439,115.212015041629,1.95677979438263,
92,0.91,5.48192140710176,28.3359254692694,90.2396845429787,-0.000747483570646419,41.6022452974262,126.835222951724,192.396408160666,0.00043649271230059,19.1355337069815,15.9638944542508,-41.3632290661536,-0.0171786771870899,91.6404343373981,35.9474372928506,-488.258104700881,0.27783613712204,142.623527632788,182.191264843032,-320.710263386236,1.41273977715966,-19.2148109077627,-8.81249517722624,104.840923482024,1.83561542117298,
93,0.92,5.76997833724742,29.3059998589789,94.7060026245745,-0.000811506616470797,42.8796502010633,128.745923450028,191.542485802222,0.00128512456017974,19.2937268864769,15.7035324144645,-30.9196280206569,-0.0168168490647206,91.9747913047393,30.9385813410363,-496.835131922252,0.289288175747842,144.428188326464,178.874866549281,-328.206509885874,1.3027932578139,-19.2982758093861,-7.90174265596978,95.4443206791379,1.72006995638725,
94,0.93,6.06797247287418,30.3245799514142,99.4278302878129,-0.000876712600386737,44.1761162898164,130.649066570141,190.760839628946,0.00208571472728134,19.4497852194194,15.5354881241996,-21.3079277331289,-0.0164858822559382,92.2586579360401,25.8455751189426,-505.314788320178,0.29867552637537,146.199352856216,175.490098998899,-335.26302454608,1.19758611727388,-19.3730495510074,-7.07223816158943,86.9197095626815,1.61081424595644,
95,0.94,6.37640190115938,31.3943212855482,104.412045122536,-0.000942879134025581,45.4915699225318,132.54498847418,190.026041084276,0.00284138614195262,19.6045961232222,15.4528249065756,-12.4334347145114,-0.0161832780565771,92.491199899496,20.6698319042398,-513.667159930304,0.305983044981672,147.936359241201,172.041233306312,-341.887475999533,1.09737684434177,-19.4399068734888,-6.3166413728423,79.1729227232045,1.50821015237903,
96,0.95,6.6957915611363,32.5179392291352,109.665070776818,-0.00100976123163471,46.8259394742276,134.433755107129,189.311500687195,0.003555172315475,19.7589817591068,15.4494069253385,-4.21127240021412,-0.0159062015415901,92.6715983483224,15.4130331886842,-521.864400041775,0.311200980606449,149.63858766288,168.532430713148,-348.08978654678,1.00240598729761,-19.499553275263,-5.62842407225226,72.1184383321075,1.41238824084597,
97,0.96,7.02669378668544,33.698197250241,115.192377731067,-0.0010770829150966,48.1791525976403,136.315155154285,188.589790866185,0.00422998980398245,19.9137065753272,15.5198077909682,3.43400513878436,-0.0156516053298302,92.7990525019834,10.0771088188885,-529.880680358631,0.314325881704556,151.305459263706,164.967722247377,-353.881991199846,0.912895079599245,-19.5526327111962,-5.00178705455862,65.6792377973352,1.32330830061029,
98,0.97,7.36968871170623,34.9378911582877,120.998053057613,-0.0011445305961811,49.5511334264533,138.188695339604,187.832904016763,0.00486862160939948,20.0694839688922,15.6592257529894,10.5690130517375,-0.0154163205679305,92.8727820322899,4.66421782341016,-537.692125956049,0.315361209740558,152.936434750537,161.3509900036,-359.278080160934,0.829045467346145,-19.599734484489,-4.43158200584695,59.7863909702619,1.24080625706095,
99,0.98,7.72538449952075,36.2398297608354,127.084421700309,-0.00121174791576113,50.9417997416239,140.053597693006,187.012465655299,0.00547370614179947,20.2269821354823,15.863406133376,17.2522390056239,-0.0151971238244665,92.8920292614122,-0.823270046776244,-545.276744293885,0.314317701775215,154.531012819254,157.685950095808,-364.293833134565,0.751037238018078,-19.6413993872086,-3.91323939934405,54.3784930963627,1.16463038248815,
100,0.99,8.09441736243096,37.6068122703555,133.451706186135,-0.00127833182569465,52.3510601191715,141.908798540663,186.099917306418,0.00604772843153089,20.3868291807783,16.1285710956916,23.534779515286,-0.0149907864948522,92.8560611788787,-6.38279208138187,-552.614354180438,0.311213529421746,156.088728417382,153.976137287541,-368.946651150955,0.67902834181945,-19.6781251519767,-3.44270279776166,49.4010348218854,1.09446913965078,
101,1,8.47745134027402,39.0416027167118,140.097715341525,-0.00134382978452284,53.7788110758185,143.752949064918,185.066679884539,0.00659301167493621,20.5496175655231,16.4513565063841,29.4610658407884,-0.0147941117017259,92.7641712843398,-12.0116097166892,-559.686517822315,0.306074302052659,157.609150861363,150.224891274787,-373.25538961263,0.613153927552123,-19.7103712790071,-3.01636954044379,44.8057570966128,1.02997250589454,
